"Ron's POZ Blog",http://blogs.poz.com/ron/atom.xml,http://blogs.poz.com/,1,POZ Blogs,Ron
Transition to Hope,http://img.thebody.com/thebody/blogfeeds/bellfeed.xml,http://www.thebody.com,1,The Body,Gary Bell
Who Knew So Few T Cells Could Accomplish So Much?,http://img.thebody.com/thebody/blogfeeds/delorenzofeed.xml,http://www.thebody.com,1,The Body,Thomas DeLorenzo
HIV Law & Policy,http://img.thebody.com/thebody/blogfeeds/goldmanfeed.xml,http://www.thebody.com/,1,The Body,Catherine Hanssens
The Viral Truth: Making Sense of HIV/AIDS News,http://img.thebody.com/thebody/blogfeeds/helfandfeed.xml,http://www.thebody.com/,1,The Body,Myles Helfand
Cry Me a River,http://img.thebody.com/thebody/blogfeeds/hustonfeed.xml,http://www.thebody.com/,1,The Body,River Huston
"A Long Night's Journey Into Day",http://img.thebody.com/thebody/blogfeeds/mackfeed.xml,http://www.thebody.com,1,The Body,Jimmy Mack
Dispatches From the International AIDS Conference in Mexico,http://img.thebody.com/thebody/blogfeeds/nassfeed.xml,http://www.thebody.com,1,The Body,Heidi Nass
So Jimberly,http://img.thebody.com/thebody/blogfeeds/pickettfeed.xml,http://www.thebody.com,1,The Body,Jim Pickett
Working in the Frontlines of the HIV Pandemic Since 1989,http://img.thebody.com/thebody/blogfeeds/wilderfeed.xml,http://www.thebody.com,1,The Body,Terri Wilder
Life as an Elite Controller,http://img.thebody.com/thebody/blogfeeds/willenbergfeed.xml,http://www.thebody.com,1,The Body,Loreen Willenberg
